ensembl	HUGO	ID
ENSG00000116251	RPL22	231
ENSG00000234619	RPL7P11	292
ENSG00000224315	RPL7P7	293
ENSG00000238173	RPL39P6	378
ENSG00000215520	RPS4XP4	663
ENSG00000233072	RPS15AP6	678
ENSG00000142676	RPL11	757
ENSG00000117676	RPS6KA1	861
ENSG00000229994	RPL5P4	1145
ENSG00000230451	RPS29P6	1193
ENSG00000142937	RPS8	1426
ENSG00000234093	RPS15AP11	1432
ENSG00000225447	RPS15AP10	1469
ENSG00000229554	RPL21P24	1533
ENSG00000228929	RPS13P2	1643
ENSG00000236776	RPL21P23	1748
ENSG00000236888	RPS20P5	1760
ENSG00000223416	RPS26P15	1764
ENSG00000234088	RPS15AP7	1816
ENSG00000229133	RPS7P4	1935
ENSG00000227207	RPL31P12	1982
ENSG00000229752	RPL7P10	2095
ENSG00000237959	RPL36AP10	2192
ENSG00000232393	RPL5P6	2236
ENSG00000122406	RPL5	2270
ENSG00000137970	RPL7P9	2356
ENSG00000226128	RPL26P9	2365
ENSG00000235045	RPL7P8	2542
ENSG00000228453	RPS15AP9	2745
ENSG00000236804	RPS3AP12	2771
ENSG00000227056	RPL6P2	2773
ENSG00000268074	RPL22P5	2879
ENSG00000236806	RPL7AP15	2982
ENSG00000177954	RPS27	3314
ENSG00000231837	RPS7P2	3318
ENSG00000224203	RPS23P10	3672
ENSG00000231586	RPS23P9	3678
ENSG00000213075	RPL31P11	3681
ENSG00000232341	RPL4P2	3776
ENSG00000237049	RPL34P1	3811
ENSG00000213063	RPL29P7	3832
ENSG00000230364	RPL4P3	3894
ENSG00000225713	RPL30P1	3946
ENSG00000213051	RPL5P5	4150
ENSG00000231022	RPS3AP9	4200
ENSG00000237213	RPL23AP22	4250
ENSG00000231333	RPL34P6	4325
ENSG00000227887	RPS26P13	4565
ENSG00000220749	RPL21P28	4629
ENSG00000136643	RPS6KC1	4663
ENSG00000228646	RPL31P13	4664
ENSG00000232134	RPS15AP12	4729
ENSG00000238183	RPS27P5	4870
ENSG00000231940	RPS7P3	5044
ENSG00000236863	RPL23AP23	5090
ENSG00000229795	RPS21P1	5095
ENSG00000237991	RPL35P1	5131
ENSG00000217327	RPS7P5	5159
ENSG00000235467	RPL10AP5	5205
ENSG00000171863	RPS7	5455
ENSG00000223640	RPL30P3	5518
ENSG00000233747	RPL36AP13	5760
ENSG00000227770	RPL7P12	6036
ENSG00000213553	RPLP0P6	6041
ENSG00000235369	RPL36AP15	6205
ENSG00000234253	RPL7P13	6227
ENSG00000143947	RPS27A	6291
ENSG00000237024	RPL21P33	6360
ENSG00000227361	RPS24P7	6388
ENSG00000229920	RPS4XP5	6428
ENSG00000233971	RPS20P10	6613
ENSG00000224627	RPL37P10	6781
ENSG00000213400	RPL12P18	6797
ENSG00000233158	RPS24P6	7052
ENSG00000071082	RPL31	7224
ENSG00000233707	RPL22P11	7382
ENSG00000236330	RPL5P9	7418
ENSG00000226928	RPS14P4	7427
ENSG00000230391	RPSAP23	7527
ENSG00000230993	RPL12P15	7601
ENSG00000214064	RPL6P5	7952
ENSG00000230559	RPL17P12	7959
ENSG00000234272	RPL30P2	8020
ENSG00000238069	RPLP0P7	8063
ENSG00000230282	RPL7P61	8159
ENSG00000233934	RPL21P38	8258
ENSG00000234415	RPL5P7	8294
ENSG00000231541	RPS6P2	8432
ENSG00000232430	RPL31P15	8475
ENSG00000224019	RPL21P32	8498
ENSG00000232568	RPL23AP35	8501
ENSG00000226242	RPS17P8	8589
ENSG00000232994	RPL7P14	8782
ENSG00000213917	RPL5P8	8948
ENSG00000197756	RPL37A	8989
ENSG00000231035	RPL7L1P9	9014
ENSG00000223903	RPL23P4	9117
ENSG00000237322	RPL7L1P10	9219
ENSG00000233445	RPL17P11	9352
ENSG00000231546	RPL3P5	9397
ENSG00000231660	RPS8P6	9553
ENSG00000238075	RPSAP32	9556
ENSG00000214074	RPL23AP39	9563
ENSG00000214073	RPL21P17	9564
ENSG00000144713	RPL32	9736
ENSG00000227578	RPS3AP53	9783
ENSG00000215016	RPL24P7	9872
ENSG00000174748	RPL15	9886
ENSG00000229756	RPL31P20	9891
ENSG00000227523	RPS20P15	9927
ENSG00000226216	RPS12P5	9952
ENSG00000235670	RPL21P40	9977
ENSG00000237676	RPL30P4	9997
ENSG00000224858	RPL29P11	10050
ENSG00000235482	RPL21P135	10067
ENSG00000232439	RPL18AP7	10091
ENSG00000168028	RPSA	10113
ENSG00000188846	RPL14	10128
ENSG00000234067	RPL5P10	10133
ENSG00000234270	RPL36P20	10150
ENSG00000227123	RPL12P44	10238
ENSG00000224094	RPS24P8	10243
ENSG00000162244	RPL29	10506
ENSG00000229806	RPS15P5	10580
ENSG00000226360	RPL10AP6	10663
ENSG00000223409	RPL17P17	10713
ENSG00000214560	RPL21P41	10725
ENSG00000244674	RPS3AP15	10839
ENSG00000241367	RPL7AP23	10892
ENSG00000244048	RPS18P6	10958
ENSG00000218754	RPL18AP8	10967
ENSG00000250562	RPL38P4	11005
ENSG00000114391	RPL24	11064
ENSG00000242829	RPS26P21	11277
ENSG00000242445	RPL7AP11	11325
ENSG00000240622	RPL7P15	11377
ENSG00000242229	RPS3AP14	11418
ENSG00000239483	RPS15AP16	11494
ENSG00000241673	RPS27P12	11514
ENSG00000251474	RPL32P3	11525
ENSG00000242899	RPL7P16	11586
ENSG00000214289	RPL39P5	11626
ENSG00000242321	RPL23AP40	11689
ENSG00000251137	RPL7L1P7	11699
ENSG00000242390	RPL6P9	11763
ENSG00000239797	RPL21P39	11796
ENSG00000239412	RPL21P71	11816
ENSG00000241993	RPL38P1	11831
ENSG00000241143	RPL32P9	11876
ENSG00000240068	RPL21P42	11946
ENSG00000240601	RPL9P15	11957
ENSG00000239212	RPL6P7	11973
ENSG00000242285	RPL6P8	12062
ENSG00000231688	RPL21P43	12135
ENSG00000163584	RPL22L1	12183
ENSG00000235294	RPL7AP25	12325
ENSG00000228766	RPL7L1P8	12343
ENSG00000234371	RPSAP31	12375
ENSG00000229638	RPL4P4	12424
ENSG00000223803	RPS20P14	12469
ENSG00000163923	RPL39L	12472
ENSG00000182899	RPL35A	12697
ENSG00000237170	RPS7P15	12863
ENSG00000242358	RPS21P4	13080
ENSG00000215278	RPS7P6	13089
ENSG00000244031	RPS3AP17	13205
ENSG00000163682	RPL9	13284
ENSG00000240167	RPS7P7	13354
ENSG00000229585	RPL21P44	13489
ENSG00000244422	RPL38P3	13507
ENSG00000242083	RPL7AP31	13541
ENSG00000241250	RPL17P20	13552
ENSG00000243920	RPS26P24	13569
ENSG00000241261	RPL17P19	13595
ENSG00000225405	RPS15AP17	13600
ENSG00000241344	RPL21P47	13602
ENSG00000244099	RPS23P3	13636
ENSG00000214062	RPL7P17	13865
ENSG00000214988	RPL7AP26	13936
ENSG00000239525	RPL30P5	13964
ENSG00000258013	RPL3P13	13974
ENSG00000242936	RPL30P6	14095
ENSG00000242697	RPL5P12	14108
ENSG00000239939	RPSAP34	14252
ENSG00000234492	RPL34-AS1	14255
ENSG00000109475	RPL34	14256
ENSG00000251464	RPL7L1P13	14295
ENSG00000241741	RPL7AP30	14341
ENSG00000237684	RPSAP35	14383
ENSG00000228489	RPL21P50	14476
ENSG00000184139	RPL7AP28	14540
ENSG00000213448	RPS23P2	14587
ENSG00000241923	RPL14P3	14642
ENSG00000242134	RPL5P13	14665
ENSG00000240992	RPS23P4	14705
ENSG00000145425	RPS3A	14785
ENSG00000242635	RPS14P7	14953
ENSG00000227283	RPL35AP12	14970
ENSG00000214676	RPL9P16	15039
ENSG00000214671	RPL6P12	15047
ENSG00000242882	RPL5P11	15088
ENSG00000244361	RPL30P7	15562
ENSG00000242608	RPS23P5	15587
ENSG00000240785	RPL36AP21	15682
ENSG00000242654	RPL32P14	15693
ENSG00000241668	RPL19P11	15788
ENSG00000243914	RPL5P14	15811
ENSG00000241829	RPL21P54	15866
ENSG00000244073	RPS4XP6	15903
ENSG00000145592	RPL37	15966
ENSG00000224993	RPL29P12	16025
ENSG00000244621	RPS17P11	16068
ENSG00000251597	RPL37P25	16096
ENSG00000243592	RPL17P22	16145
ENSG00000226221	RPL26P19	16155
ENSG00000240412	RPL5P15	16191
ENSG00000213891	RPL3P6	16226
ENSG00000244717	RPS27P14	16337
ENSG00000226544	RPL7P22	16396
ENSG00000182383	RPL27AP5	16451
ENSG00000244019	RPS2P24	16508
ENSG00000244363	RPL7P23	16509
ENSG00000240003	RPL7P24	16569
ENSG00000251374	RPS23P5	16597
ENSG00000186468	RPS23	16598
ENSG00000240411	RPL5P16	16603
ENSG00000243859	RPL5P17	16639
ENSG00000241965	RPS2P25	16643
ENSG00000240083	RPS3AP22	16673
ENSG00000243806	RPL7P18	16747
ENSG00000239528	RPS14P8	17030
ENSG00000197575	RPS17P2	17032
ENSG00000243758	RPL35AP15	17037
ENSG00000249582	RPL7L1P4	17040
ENSG00000241888	RPSAP37	17143
ENSG00000241458	RPL7P19	17401
ENSG00000225147	RPS12P10	17604
ENSG00000231579	RPL7P21	17612
ENSG00000241112	RPL29P14	17713
ENSG00000241907	RPS20P4	17728
ENSG00000214485	RPL7P1	17730
ENSG00000164587	RPS14	17740
ENSG00000213433	RPLP1P6	17781
ENSG00000254252	RPL7P20	17960
ENSG00000037241	RPL26L1	18060
ENSG00000254200	RPL7AP33	18071
ENSG00000242979	RPS15AP18	18268
ENSG00000243664	RPS29P12	18301
ENSG00000212802	RPL15P3	18560
ENSG00000218265	RPS4XP7	18570
ENSG00000184612	RPL7P26	18624
ENSG00000218643	RPL5P20	18647
ENSG00000214374	RPLP2P1	18889
ENSG00000237425	RPSAP2	18932
ENSG00000213916	RPL13P	18936
ENSG00000213900	RPS17P1	18982
ENSG00000231301	RPL13AP	18992
ENSG00000239257	RPL23AP1	19001
ENSG00000213880	RPL7AP7	19011
ENSG00000230449	RPL7P4	19083
ENSG00000227939	RPL3P2	19127
ENSG00000225499	RPL15P4	19150
ENSG00000224796	RPL32P1	19287
ENSG00000231500	RPS18	19305
ENSG00000225644	RPL35AP4	19317
ENSG00000204194	RPL12P1	19319
ENSG00000220583	RPL35P2	19350
ENSG00000270800	RPS10-NUDT3	19352
ENSG00000124614	RPS10	19353
ENSG00000216636	RPL7P25	19359
ENSG00000198755	RPL10A	19384
ENSG00000216412	RPL12P2	19438
ENSG00000146223	RPL7L1	19559
ENSG00000181524	RPL24P4	19564
ENSG00000179157	RPS2P28	19588
ENSG00000060303	RPS17P5	19714
ENSG00000217527	RPS16P5	19764
ENSG00000219863	RPL31P28	19766
ENSG00000218049	RPL31P33	19767
ENSG00000216854	RPL17P26	19811
ENSG00000213312	RPL7AP34	19867
ENSG00000213309	RPL9P18	19870
ENSG00000216365	RPL37P15	19908
ENSG00000239626	RPSAP41	19962
ENSG00000235174	RPL39P3	19970
ENSG00000224221	RPS6P8	19971
ENSG00000218459	RPS27P15	19983
ENSG00000219722	RPL26P20	20007
ENSG00000219253	RPS6P7	20028
ENSG00000220311	RPL35AP18	20056
ENSG00000219547	RPL17P25	20063
ENSG00000220069	RPL7P27	20132
ENSG00000214457	RPL7P29	20142
ENSG00000220553	RPL5P19	20227
ENSG00000213183	RPS7P8	20256
ENSG00000219902	RPL35P3	20332
ENSG00000216977	RPL21P65	20350
ENSG00000220237	RPS24P12	20361
ENSG00000232778	RPL23AP50	20368
ENSG00000225093	RPL3P7	20373
ENSG00000218632	RPL7P28	20410
ENSG00000216471	RPSAP43	20508
ENSG00000217089	RPS29P13	20546
ENSG00000217404	RPS4XP9	20641
ENSG00000220744	RPL5P18	20647
ENSG00000218689	RPL5P21	20677
ENSG00000219776	RPL21P67	20693
ENSG00000225343	RPL21P66	20717
ENSG00000112306	RPS12	20735
ENSG00000213122	RPL23AP46	20741
ENSG00000230350	RPL35AP3	20815
ENSG00000219463	RPSAP42	20832
ENSG00000217684	RPS3AP24	20870
ENSG00000218351	RPS3AP23	20876
ENSG00000220848	RPS18P9	20985
ENSG00000219146	RPS4XP8	21090
ENSG00000071242	RPS6KA2	21248
ENSG00000232082	RPS6KA2-IT1	21249
ENSG00000231654	RPS6KA2-AS1	21254
ENSG00000218716	RPL12P23	21319
ENSG00000269721	RPL23AP51	21531
ENSG00000223445	RPL6P21	21591
ENSG00000235828	RPL36AP26	21603
ENSG00000224683	RPL36AP29	21606
ENSG00000213860	RPL21P75	21657
ENSG00000234839	RPS26P30	21673
ENSG00000232818	RPS2P32	21717
ENSG00000213787	RPL7AP38	21774
ENSG00000213783	RPL35P4	21820
ENSG00000225907	RPS27P16	21865
ENSG00000235379	RPL7P31	21940
ENSG00000224706	RPS17P13	21989
ENSG00000213744	RPS10P14	21991
ENSG00000231490	RPL7L1P2	22229
ENSG00000232612	RPL31P35	22261
ENSG00000225573	RPL35P5	22564
ENSG00000235090	RPL7L1P3	22749
ENSG00000231322	RPL13AP17	22814
ENSG00000227982	RPL7P30	22864
ENSG00000232385	RPS3AP25	22991
ENSG00000237818	RPS3AP29	23045
ENSG00000214389	RPS3AP26	23063
ENSG00000214142	RPL7P60	23127
ENSG00000231006	RPL7P32	23359
ENSG00000232199	RPL3P8	23373
ENSG00000235459	RPS26P31	23519
ENSG00000279483	RPL41	23793
ENSG00000225918	RPL7P59	24070
ENSG00000225661	RPL14P5	24330
ENSG00000231211	RPL17P49	24455
ENSG00000233357	RPL30P15	24475
ENSG00000215313	RPL6P30	24516
ENSG00000177189	RPS6KA3	24577
ENSG00000238103	RPL9P7	24618
ENSG00000216938	RPL7P58	24664
ENSG00000233921	RPS15AP40	24749
ENSG00000214047	RPS11P7	24803
ENSG00000216866	RPS2P55	24823
ENSG00000229168	RPL19P20	24871
ENSG00000224401	RPL7P57	24950
ENSG00000234566	RPL7AP71	25193
ENSG00000234135	RPL23AP83	25236
ENSG00000236735	RPL31P63	25324
ENSG00000230629	RPS23P8	25371
ENSG00000196933	RPS26P11	25415
ENSG00000198034	RPS4X	25423
ENSG00000237475	RPL7P53	25453
ENSG00000233984	RPSAP14	25469
ENSG00000213695	RPS7P14	25497
ENSG00000233254	RPL21P134	25511
ENSG00000227645	RPL7P54	25551
ENSG00000213653	RPL22P22	25582
ENSG00000072133	RPS6KA6	25592
ENSG00000237506	RPSAP15	25625
ENSG00000228301	RPL7P55	25664
ENSG00000235425	RPS7P13	25682
ENSG00000232069	RPS29P28	25687
ENSG00000236243	RPL6P29	25701
ENSG00000230592	RPSAP8	25712
ENSG00000183911	RPL21P132	25742
ENSG00000241343	RPL36A	25745
ENSG00000257529	RPL36A-HNRNPH2	25746
ENSG00000223733	RPL18AP14	25858
ENSG00000225381	RPS5P7	25925
ENSG00000236189	RPL18AP15	25948
ENSG00000224664	RPL36AP53	25982
ENSG00000235656	RPL36P18	26001
ENSG00000234524	RPL12P43	26036
ENSG00000198918	RPL39	26077
ENSG00000232496	RPL3P12	26149
ENSG00000235735	RPL7AP72	26210
ENSG00000223995	RPL32P35	26215
ENSG00000226339	RPS26P56	26217
ENSG00000233260	RPSAP63	26294
ENSG00000236509	RPL21P133	26321
ENSG00000237432	RPS7P12	26322
ENSG00000231164	RPL7P56	26400
ENSG00000225758	RPS17P17	26446
ENSG00000176970	RPL7L1P11	26549
ENSG00000230508	RPL19P21	26595
ENSG00000237793	RPL18AP16	26674
ENSG00000147403	RPL10	26713
ENSG00000223508	RPL23AP53	26801
ENSG00000240486	RPL23AP54	26850
ENSG00000228744	RPS3AP30	26889
ENSG00000214268	RPS3AP33	26892
ENSG00000239315	RPL19P13	27038
ENSG00000242607	RPS3AP34	27105
ENSG00000244289	RPS3AP35	27108
ENSG00000244018	RPL35P6	27200
ENSG00000242709	RPL30P9	27219
ENSG00000239198	RPL5P22	27389
ENSG00000243844	RPL17P33	27422
ENSG00000241511	RPS15AP24	27436
ENSG00000215264	RPL10AP3	27506
ENSG00000244708	RPL23P10	27523
ENSG00000239218	RPS20P22	27580
ENSG00000243095	RPL3P10	27597
ENSG00000239281	RPS29P2	27627
ENSG00000240395	RPL5P23	27659
ENSG00000188873	RPL10AP2	27728
ENSG00000224594	RPL29P19	27752
ENSG00000240534	RPL34P17	27795
ENSG00000008988	RPS20	27859
ENSG00000241431	RPL37P6	27876
ENSG00000243050	RPL30P10	27889
ENSG00000239261	RPL31P41	27984
ENSG00000253964	RPL31P40	28036
ENSG00000236191	RPS15AP25	28039
ENSG00000241942	RPS20P20	28089
ENSG00000147604	RPL7	28112
ENSG00000244295	RPS20P21	28130
ENSG00000240047	RPS3AP32	28135
ENSG00000240540	RPL3P9	28186
ENSG00000188856	RPSAP47	28211
ENSG00000240427	RPS26P34	28241
ENSG00000240509	RPL34P18	28411
ENSG00000244217	RPS4XP10	28418
ENSG00000243504	RPS23P1	28484
ENSG00000156482	RPL30	28486
ENSG00000240870	RPL19P14	28504
ENSG00000242399	RPS20P23	28554
ENSG00000212994	RPS26P6	28556
ENSG00000240724	RPS12P15	28596
ENSG00000244052	RPL5P24	28610
ENSG00000243601	RPL12P24	28659
ENSG00000243287	RPS17P14	28682
ENSG00000230169	RPL30P16	28721
ENSG00000239917	RPS10P16	28752
ENSG00000242206	RPS26P35	28758
ENSG00000239872	RPL35AP19	28792
ENSG00000161016	RPL8	29223
ENSG00000236594	RPS27AP14	29267
ENSG00000229057	RPS3AP54	29363
ENSG00000230207	RPL4P5	29374
ENSG00000212829	RPS26P3	29388
ENSG00000223568	RPL3P11	29419
ENSG00000215236	RPL7P33	29438
ENSG00000137154	RPS6	29482
ENSG00000233278	RPS26P2	29623
ENSG00000235619	RPL36AP33	29770
ENSG00000236801	RPL24P8	30225
ENSG00000229814	RPL35AP21	30236
ENSG00000236862	RPS20P24	30255
ENSG00000234618	RPSAP9	30293
ENSG00000234637	RPS19P6	30343
ENSG00000228375	RPS20P25	30346
ENSG00000233309	RPS6P12	30372
ENSG00000217716	RPS10P3	30451
ENSG00000238172	RPS2P35	30720
ENSG00000231293	RPL36AP6	30829
ENSG00000236783	RPS15AP27	30832
ENSG00000231810	RPL36AP35	30839
ENSG00000230734	RPL10P3	30981
ENSG00000235133	RPL35AP22	30987
ENSG00000136942	RPL35	31110
ENSG00000197958	RPL12	31158
ENSG00000148303	RPL7A	31371
ENSG00000177600	RPLP2	31654
ENSG00000230980	RPL36AP39	31698
ENSG00000236264	RPL26P30	31730
ENSG00000237226	RPS3AP39	31777
ENSG00000223688	RPS24P14	31779
ENSG00000240385	RPS29P20	31803
ENSG00000166441	RPL27A	32044
ENSG00000240454	RPL39P26	32161
ENSG00000110700	RPS13	32209
ENSG00000240298	RPL36AP40	32348
ENSG00000240554	RPL7AP58	32400
ENSG00000241950	RPL29P23	32456
ENSG00000242834	RPL7AP56	32531
ENSG00000244267	RPL34P22	32597
ENSG00000242208	RPL5P29	32878
ENSG00000240371	RPS4XP13	32950
ENSG00000243742	RPLP0P2	33132
ENSG00000239924	RPL29P22	33231
ENSG00000162302	RPS6KA4	33293
ENSG00000175634	RPS6KB2	33496
ENSG00000239559	RPL37P2	33519
ENSG00000243672	RPS3AP40	33532
ENSG00000239481	RPS3AP41	33638
ENSG00000244134	RPS12P20	33694
ENSG00000149273	RPS3	33785
ENSG00000227097	RPS28P7	33908
ENSG00000242248	RPL7AP57	34101
ENSG00000244244	RPS3AP42	34106
ENSG00000242807	RPL26P31	34112
ENSG00000240698	RPS2P39	34349
ENSG00000239354	RPS17P15	34376
ENSG00000176343	RPL37AP8	34404
ENSG00000243930	RPS12P21	34428
ENSG00000243250	RPS6P16	34430
ENSG00000213233	RPL23AP62	34438
ENSG00000243431	RPL5P30	34577
ENSG00000240970	RPL23AP64	34603
ENSG00000118181	RPS25	34606
ENSG00000244400	RPS4XP12	34670
ENSG00000243669	RPL34P23	34698
ENSG00000244641	RPS26P43	34699
ENSG00000233541	RPL31P47	34700
ENSG00000243607	RPL35AP26	34837
ENSG00000240121	RPS27P20	34884
ENSG00000244451	RPL34P21	34896
ENSG00000225251	RPL5P25	35175
ENSG00000226016	RPL36AP55	35418
ENSG00000234335	RPS4XP11	35495
ENSG00000233190	RPS24P13	35500
ENSG00000226407	RPL23P11	35529
ENSG00000226646	RPL7P37	35557
ENSG00000264217	RPL35AP25	35734
ENSG00000233900	RPL17P35	35972
ENSG00000219932	RPL12P8	35999
ENSG00000230469	RPL5P26	36061
ENSG00000213700	RPL17P50	36129
ENSG00000214629	RPSAP6	36193
ENSG00000227271	RPL39P25	36213
ENSG00000138326	RPS24	36260
ENSG00000232965	RPS12P18	36279
ENSG00000230171	RPL22P18	36310
ENSG00000234319	RPS12P2	36315
ENSG00000233353	RPS7P9	36329
ENSG00000233189	RPL12P29	36359
ENSG00000178429	RPS3AP5	36362
ENSG00000230507	RPL7AP8	36383
ENSG00000237205	RPL7P34	36436
ENSG00000223876	RPS27P1	36497
ENSG00000236552	RPL13AP5	36613
ENSG00000234109	RPL7P36	36664
ENSG00000233518	RPL7P35	36873
ENSG00000234118	RPL13AP6	36887
ENSG00000228195	RPL5P27	36962
ENSG00000223540	RPS15AP5	37046
ENSG00000229455	RPS10P18	37096
ENSG00000233135	RPS27P18	37114
ENSG00000235264	RPL5P28	37209
ENSG00000213147	RPL23AP60	37274
ENSG00000243663	RPS4XP14	37314
ENSG00000242661	RPS3AP43	37542
ENSG00000244131	RPSAP51	37565
ENSG00000271215	RPL21P136	37713
ENSG00000234498	RPL13AP20	37726
ENSG00000244573	RPL30P11	37755
ENSG00000242991	RPL7P40	37805
ENSG00000227525	RPL7P6	37820
ENSG00000241451	RPS27P22	37879
ENSG00000231788	RPL31P50	38034
ENSG00000229014	RPL30P13	38135
ENSG00000240443	RPS10P20	38303
ENSG00000241146	RPL7P41	38517
ENSG00000197728	RPS26	38699
ENSG00000229117	RPL41	38704
ENSG00000242990	RPL13AP23	38793
ENSG00000241423	RPL21P103	38823
ENSG00000244390	RPS6P22	38829
ENSG00000242922	RPL21P104	38850
ENSG00000213363	RPS3P6	38852
ENSG00000241941	RPL32P26	38867
ENSG00000139239	RPL14P1	38872
ENSG00000242087	RPL36AP41	38893
ENSG00000243024	RPS11P6	38902
ENSG00000243020	RPL7P39	38924
ENSG00000241749	RPSAP52	38942
ENSG00000213343	RPL21P18	38950
ENSG00000244432	RPL39P28	38986
ENSG00000241825	RPL7P42	39005
ENSG00000241045	RPL7P43	39139
ENSG00000239473	RPL7P38	39178
ENSG00000213270	RPL6P25	39213
ENSG00000242850	RPL23AP68	39239
ENSG00000240721	RPS4XP15	39247
ENSG00000239201	RPL21P106	39308
ENSG00000256393	RPL41P5	39326
ENSG00000214203	RPS4XP1	39457
ENSG00000239413	RPS27P23	39487
ENSG00000213442	RPL18AP3	39555
ENSG00000240631	RPL30P12	39592
ENSG00000241680	RPL31P49	39685
ENSG00000241286	RPL29P25	39699
ENSG00000244060	RPS2P41	39728
ENSG00000213152	RPL7AP60	39746
ENSG00000089009	RPL6	39748
ENSG00000242461	RPS15AP32	39756
ENSG00000240342	RPS2P5	39859
ENSG00000241590	RPL17P37	39866
ENSG00000226729	RPL35AP30	39893
ENSG00000089157	RPLP0	39902
ENSG00000240925	RPS20P31	39906
ENSG00000239881	RPS27P25	39914
ENSG00000219355	RPL31P52	39920
ENSG00000241030	RPL29P24	39927
ENSG00000242137	RPL11P5	39930
ENSG00000244585	RPL12P33	39945
ENSG00000214760	RPL21P1	39994
ENSG00000239215	RPL27P12	40054
ENSG00000241129	RPL22P19	40090
ENSG00000226356	RPS6P20	40221
ENSG00000243499	RPS6P21	40239
ENSG00000232888	RPS11P5	40295
ENSG00000240991	RPL23AP67	40314
ENSG00000213621	RPSAP54	40420
ENSG00000180172	RPS12P23	40425
ENSG00000226525	RPS7P10	40447
ENSG00000237952	RPL7AP73	40459
ENSG00000232163	RPLP1P13	40477
ENSG00000225404	RPL26P34	40509
ENSG00000232858	RPL34P27	40517
ENSG00000235315	RPL23AP69	40527
ENSG00000234031	RPS3AP44	40550
ENSG00000223782	RPS21P8	40554
ENSG00000218198	RPS20P32	40555
ENSG00000122026	RPL21	40562
ENSG00000232378	RPL29P28	40725
ENSG00000230283	RPS12P24	40736
ENSG00000271429	RPL17P51	40773
ENSG00000226093	RPS28P8	40818
ENSG00000232540	RPL36P19	40838
ENSG00000229423	RPL27AP8	40929
ENSG00000214359	RPL18P10	40994
ENSG00000223676	RPL34P26	40998
ENSG00000214878	RPL5P31	41010
ENSG00000224892	RPS4XP16	41018
ENSG00000136149	RPL13AP25	41074
ENSG00000225352	RPL31P53	41092
ENSG00000232105	RPL32P28	41137
ENSG00000214263	RPSAP53	41169
ENSG00000236433	RPL37P21	41177
ENSG00000230405	RPS3AP52	41178
ENSG00000229824	RPL12P34	41179
ENSG00000237816	RPL21P109	41200
ENSG00000233460	RPL35AP31	41201
ENSG00000232881	RPS10P21	41202
ENSG00000227952	RPL18AP17	41205
ENSG00000226617	RPL21P110	41209
ENSG00000232701	RPL21P108	41233
ENSG00000233873	RPL7P44	41262
ENSG00000229865	RPL31P54	41286
ENSG00000237109	RPL21P111	41292
ENSG00000225289	RPL29P29	41352
ENSG00000234227	RPL7L1P1	41364
ENSG00000237924	RPL21P112	41412
ENSG00000233291	RPL7AP61	41448
ENSG00000231981	RPL7L1P12	41470
ENSG00000230871	RPS6P23	41473
ENSG00000228501	RPL15P18	41504
ENSG00000234354	RPS26P47	41510
ENSG00000236860	RPL39P29	41526
ENSG00000225823	RPL7P45	41548
ENSG00000174418	RPL35P9	41559
ENSG00000225239	RPL21P107	41616
ENSG00000240954	RPL4P1	41912
ENSG00000240179	RPL26P3	42199
ENSG00000258640	RPL21P5	42245
ENSG00000240463	RPS19P3	42292
ENSG00000256243	RPL7AP3	42313
ENSG00000240392	RPL9P3	42314
ENSG00000259105	RPS3AP4	42322
ENSG00000243730	RPL29P3	42352
ENSG00000241984	RPL7AP2	42391
ENSG00000165496	RPL10L	42464
ENSG00000244053	RPL13AP2	42468
ENSG00000214903	RPS15AP3	42469
ENSG00000213741	RPS29	42485
ENSG00000244270	RPL32P29	42486
ENSG00000165502	RPL36AL	42495
ENSG00000226132	RPS3AP46	42613
ENSG00000239199	RPL21P6	42648
ENSG00000213641	RPL7AP4	42650
ENSG00000177350	RPL13AP3	42655
ENSG00000243388	RPL3P3	42676
ENSG00000239510	RPL9P5	42712
ENSG00000242135	RPL17P2	42736
ENSG00000270912	RPS28P1	42808
ENSG00000258613	RPL21P7	42848
ENSG00000180662	RPL21P8	42854
ENSG00000258618	RPL21P9	42894
ENSG00000242071	RPL7AP6	42938
ENSG00000177776	RPS2P2	43052
ENSG00000198208	RPS6KL1	43071
ENSG00000239272	RPL21P10	43162
ENSG00000271705	RPL17P3	43191
ENSG00000242571	RPL21P11	43295
ENSG00000100784	RPS6KA5	43311
ENSG00000239269	RPSAP4	43394
ENSG00000240914	RPL15P2	43396
ENSG00000240051	RPL23AP10	43443
ENSG00000232573	RPL3P4	43472
ENSG00000213176	RPL13P6	43686
ENSG00000259535	RPL21P12	43692
ENSG00000242837	RPL21P13	43697
ENSG00000244691	RPL10AP1	43706
ENSG00000239365	RPS26P49	43760
ENSG00000196183	RPS2P4	43761
ENSG00000242085	RPS20P33	43782
ENSG00000241061	RPL5P1	44181
ENSG00000228992	RPL5P32	44318
ENSG00000256338	RPL41P2	44320
ENSG00000205871	RPS3AP47	44744
ENSG00000214896	RPSAP55	45006
ENSG00000234797	RPS3AP6	45136
ENSG00000185088	RPS27L	45200
ENSG00000240821	RPL9P25	45294
ENSG00000243404	RPL35AP32	45297
ENSG00000174444	RPL4	45301
ENSG00000242634	RPS24P16	45321
ENSG00000137818	RPLP1	45370
ENSG00000235420	RPL29P30	45395
ENSG00000242276	RPL5P3	45401
ENSG00000240366	RPL36AP45	45528
ENSG00000241890	RPL13P4	45549
ENSG00000213307	RPL18P11	45653
ENSG00000243711	RPL21P116	45658
ENSG00000182774	RPS17	45753
ENSG00000241362	RPL36AP43	45935
ENSG00000225193	RPS12P26	45962
ENSG00000241562	RPL7P5	46162
ENSG00000219274	RPS20P2	46355
ENSG00000219027	RPS3AP2	46370
ENSG00000140986	RPL3L	46406
ENSG00000140988	RPS2	46408
ENSG00000220793	RPL21P119	46703
ENSG00000229917	RPL7P46	46745
ENSG00000241641	RPS23P6	46787
ENSG00000242307	RPS26P52	46812
ENSG00000215003	RPL15P20	46890
ENSG00000241067	RPL17P40	46892
ENSG00000228071	RPL7P47	46930
ENSG00000134419	RPS15A	46960
ENSG00000239840	RPL23AP72	47703
ENSG00000243609	RPS2P44	47736
ENSG00000244551	RPL34P29	47771
ENSG00000260031	RPL10P14	47781
ENSG00000240760	RPL31P56	47889
ENSG00000243988	RPS24P17	47945
ENSG00000244043	RPS27P27	48031
ENSG00000241808	RPS15AP34	48062
ENSG00000240435	RPS12P27	48202
ENSG00000241334	RPL35AP33	48222
ENSG00000244378	RPS2P45	48245
ENSG00000240043	RPS27P26	48303
ENSG00000242176	RPL39P31	48362
ENSG00000225178	RPSAP56	48404
ENSG00000244485	RPL18P13	48472
ENSG00000243101	RPS3P7	48512
ENSG00000167526	RPL13	48801
ENSG00000244097	RPS4XP17	48858
ENSG00000244283	RPL23AP73	49116
ENSG00000213876	RPL7AP64	49140
ENSG00000240480	RPL29P2	49212
ENSG00000161970	RPL26	49263
ENSG00000241654	RPL19P18	49287
ENSG00000242692	RPS27AP1	49300
ENSG00000244753	RPL15P21	49327
ENSG00000241185	RPL21P122	49339
ENSG00000230897	RPS18P12	49374
ENSG00000226156	RPL23AP76	49378
ENSG00000234324	RPL9P2	49395
ENSG00000243686	RPLP1P11	49429
ENSG00000215030	RPL13P12	49493
ENSG00000228000	RPL7AP65	49533
ENSG00000237382	RPL21P121	49534
ENSG00000189343	RPS2P46	49626
ENSG00000228331	RPL17P43	49629
ENSG00000244582	RPL21P120	49736
ENSG00000239223	RPL34P31	49793
ENSG00000213664	RPS16P8	49794
ENSG00000240873	RPS29P22	49829
ENSG00000263266	RPS7P1	49861
ENSG00000240494	RPS12P28	49876
ENSG00000198242	RPL23A	49881
ENSG00000243053	RPL31P58	49895
ENSG00000239256	RPL35AP35	49924
ENSG00000240531	RPL21P123	49945
ENSG00000240074	RPL9P30	49949
ENSG00000125691	RPL23	50312
ENSG00000244086	RPS20P35	50315
ENSG00000108298	RPL19	50336
ENSG00000131469	RPL27	50581
ENSG00000240828	RPL21P4	50586
ENSG00000267634	RPL7L1P5	50668
ENSG00000204652	RPS26P8	50734
ENSG00000213326	RPS7P11	50767
ENSG00000242067	RPL9P28	50859
ENSG00000243521	RPL5P33	50988
ENSG00000187504	RPL7P48	51009
ENSG00000233380	RPS2P48	51023
ENSG00000243058	RPL39P33	51052
ENSG00000108443	RPS6KB1	51165
ENSG00000213228	RPL12P38	51199
ENSG00000239527	RPS23P7	51250
ENSG00000256358	RPL31P57	51326
ENSG00000213180	RPL36AP48	51395
ENSG00000213179	RPL17P41	51412
ENSG00000243514	RPL32P33	51492
ENSG00000172809	RPL38	51521
ENSG00000242931	RPL7P49	51645
ENSG00000267355	RPL9P29	51738
ENSG00000213128	RPL32P31	51789
ENSG00000232083	RPL31P7	51791
ENSG00000240270	RPL12P37	51796
ENSG00000240364	RPL31P59	52029
ENSG00000243720	RPL21P127	52031
ENSG00000235552	RPL6P27	52079
ENSG00000242058	RPS4XP19	52121
ENSG00000239490	RPS4XP18	52365
ENSG00000267752	RPS10P27	52385
ENSG00000267301	RPL23AP77	52387
ENSG00000243925	RPS24P18	52426
ENSG00000175886	RPL7AP66	52599
ENSG00000267664	RPL17P45	52605
ENSG00000215472	RPL17-C18orf32	52710
ENSG00000265681	RPL17	52714
ENSG00000239780	RPLP0P11	52743
ENSG00000239689	RPL17P46	52748
ENSG00000215457	RPS8P3	52762
ENSG00000242945	RPL29P32	52772
ENSG00000267524	RPSAP57	52786
ENSG00000242320	RPL21P126	52798
ENSG00000239659	RPL9P31	52849
ENSG00000224161	RPS26P54	52877
ENSG00000242060	RPS3AP49	52889
ENSG00000243256	RPL30P14	52904
ENSG00000241088	RPL17P44	52919
ENSG00000237314	RPL12P39	52948
ENSG00000264054	RPL31P9	52967
ENSG00000214255	RPS2P6	53010
ENSG00000244229	RPL26P35	53092
ENSG00000101278	RPS10L	53179
ENSG00000227663	RPL7P2	53220
ENSG00000226217	RPL19P1	53241
ENSG00000215063	RPL21P2	53289
ENSG00000228210	RPL7AL2	53296
ENSG00000226948	RPS4XP2	53297
ENSG00000225831	RPS18P1	53326
ENSG00000214835	RPL23AP6	53388
ENSG00000235544	RPS11P1	53403
ENSG00000230935	RPS3P1	53433
ENSG00000213950	RPS10P2	53441
ENSG00000226229	RPLP0P1	53456
ENSG00000235208	RPL7AL3	53458
ENSG00000232333	RPS27AP2	53470
ENSG00000227343	RPL15P1	53486
ENSG00000225419	RPL21P3	53505
ENSG00000214612	RPS19P1	53507
ENSG00000236992	RPL12L3	53531
ENSG00000229500	RPL17P1	53539
ENSG00000235065	RPL24P2	53551
ENSG00000214535	RPS15AP1	53556
ENSG00000227063	RPL41P1	53574
ENSG00000237929	RPL31P3	53709
ENSG00000233106	RPL12P3	53789
ENSG00000230837	RPL31P2	53805
ENSG00000225246	RPS2P1	53817
ENSG00000224497	RPL36P4	53873
ENSG00000227401	RPL37P1	53875
ENSG00000231241	RPS3AP3	53922
ENSG00000226144	RPS27AP3	53923
ENSG00000213979	RPL7AP14	53931
ENSG00000231307	RPS3P2	53970
ENSG00000242748	RPL23AP81	54009
ENSG00000232493	RPL12P11	54018
ENSG00000215467	RPL27AP	54048
ENSG00000226243	RPL37AP1	54070
ENSG00000237068	RPL5P2	54112
ENSG00000235508	RPS2P7	54124
ENSG00000213820	RPL13P2	54154
ENSG00000234075	RPL35AP	54184
ENSG00000231302	RPL36P2	54264
ENSG00000228820	RPSAP1	54280
ENSG00000230636	RPL36P1	54302
ENSG00000185834	RPL12P4	54328
ENSG00000228601	RPL39P	54341
ENSG00000214541	RPS4XP3	54349
ENSG00000171858	RPS21	54471
ENSG00000226094	RPL7P3	54483
ENSG00000213726	RPS2P52	54625
ENSG00000240846	RPS15P9	54669
ENSG00000115268	RPS15	54678
ENSG00000239524	RPL32P34	54885
ENSG00000130255	RPL36	54892
ENSG00000268785	RPL7P50	54949
ENSG00000242636	RPL21P129	55002
ENSG00000233927	RPS28	55032
ENSG00000269244	RPL23AP78	55055
ENSG00000239830	RPS4XP22	55099
ENSG00000267119	RPL10P15	55111
ENSG00000225067	RPL23AP2	55448
ENSG00000105640	RPL18A	55581
ENSG00000243455	RPS18P13	55592
ENSG00000241464	RPL39P38	55606
ENSG00000240522	RPL7AP10	55754
ENSG00000242291	RPL36AP51	55759
ENSG00000236312	RPL34P34	55808
ENSG00000241282	RPL34P33	55831
ENSG00000240231	RPS27P29	55870
ENSG00000205246	RPSAP58	55874
ENSG00000242100	RPL9P32	55942
ENSG00000242325	RPS12P31	55981
ENSG00000239988	RPL31P60	55994
ENSG00000243864	RPS3AP50	56013
ENSG00000232429	RPL21P131	56018
ENSG00000239253	RPS4XP23	56023
ENSG00000249987	RPS4XP20	56024
ENSG00000186008	RPS4XP21	56025
ENSG00000257074	RPL29P33	56029
ENSG00000239210	RPS26P55	56038
ENSG00000243297	RPL31P61	56195
ENSG00000105193	RPS16	56312
ENSG00000244253	RPS29P24	56323
ENSG00000243581	RPS29P25	56324
ENSG00000239320	RPS29P26	56325
ENSG00000224476	RPL36P16	56409
ENSG00000105372	RPS19	56454
ENSG00000243167	RPS10P28	56492
ENSG00000242675	RPS16P9	56625
ENSG00000269637	RPL12P41	56679
ENSG00000213035	RPL23AP80	56752
ENSG00000063177	RPL18	56792
ENSG00000142541	RPL13A	56867
ENSG00000142534	RPS11	56872
ENSG00000244071	RPL9P33	57039
ENSG00000243469	RPL7P51	57042
ENSG00000243680	RPL37P23	57070
ENSG00000242255	RPL39P34	57095
ENSG00000239912	RPL39P36	57140
ENSG00000170889	RPS9	57243
ENSG00000108107	RPL28	57356
ENSG00000268483	RPL7AP69	57455
ENSG00000213013	RPS15AP36	57536
ENSG00000083845	RPS5	57558
ENSG00000129824	RPS4Y1	57592
ENSG00000235175	RPL26P37	57619
ENSG00000236477	RPS24P1	57776
ENSG00000280969	RPS4Y2	57917
ENSG00000237668	RPS15AP38	59044
ENSG00000100316	RPL3	59178
ENSG00000187051	RPS19BP1	59190
ENSG00000228599	RPL7P52	59201
ENSG00000230071	RPL4P6	59212
ENSG00000234009	RPL5P34	59309
ENSG00000226142	RPL35P8	59436
ENSG00000214727	RPL5P35	59447
ENSG00000184319	RPL23AP82	59515
ENSG00000224602	RPS26P5	59746
ENSG00000226580	RPL39P40	59764
ENSG00000215369	RPL37P3	59779
ENSG00000230198	RPL37P4	59797
ENSG00000233206	RPS3AP1	59807
ENSG00000213885	RPL13AP7	59856
ENSG00000217026	RPL10P1	59891
ENSG00000176054	RPL23P2	59906
ENSG00000232687	RPL12P9	59913
ENSG00000225267	RPL8P2	59933
ENSG00000215088	RPS5P3	60041
ENSG00000224598	RPS5P2	60059
ENSG00000223671	RPL34P3	60077
ENSG00000229761	RPS20P1	60081
ENSG00000214914	RPL23AP3	60085
ENSG00000214889	RPS9P1	60096
ENSG00000228149	RPL3P1	60099
ENSG00000227721	RPSAP64	60153
ENSG00000228861	RPL23AP12	60158
ENSG00000228349	RPS26P4	60177
ENSG00000214326	RPL31P1	60261
ENSG00000225043	RPL18AP2	60389
ENSG00000212932	RPL23AP4	60396
ENSG00000273716	RPL41	60399
ENSG00000248563	RPSAP2	60455
ENSG00000231746	RPL13P	60459
ENSG00000231000	RPS17P1	60502
ENSG00000242511	RPL23AP1	60513
ENSG00000227326	RPL7AP7	60521
ENSG00000227672	RPL3P2	60608
ENSG00000231623	RPL15P4	60625
ENSG00000224098	RPL32P1	60750
ENSG00000227794	RPS18	60760
ENSG00000226538	RPL35AP4	60762
ENSG00000232733	RPL12P1	60764
ENSG00000234904	RPL13P	60772
ENSG00000223376	RPS17P1	60804
ENSG00000231190	RPL13AP	60814
ENSG00000233982	RPL7AP7	60830
ENSG00000229575	RPL7P4	60885
ENSG00000227656	RPL3P2	60920
ENSG00000236547	RPL15P4	60929
ENSG00000231288	RPL32P1	61047
ENSG00000226225	RPS18	61062
ENSG00000231602	RPL35AP4	61074
ENSG00000249814	RPSAP2	61082
ENSG00000226714	RPL13P	61086
ENSG00000232302	RPS17P1	61129
ENSG00000230181	RPL13AP	61139
ENSG00000241880	RPL23AP1	61148
ENSG00000233462	RPL7AP7	61156
ENSG00000235342	RPL7P4	61225
ENSG00000228461	RPL3P2	61263
ENSG00000230211	RPL15P4	61280
ENSG00000228579	RPL32P1	61402
ENSG00000235650	RPS18	61419
ENSG00000273286	RPL13P	61434
ENSG00000228840	RPS17P1	61475
ENSG00000224146	RPL13AP	61485
ENSG00000242039	RPL23AP1	61494
ENSG00000233465	RPL7AP7	61502
ENSG00000226494	RPL7P4	61571
ENSG00000237448	RPL3P2	61607
ENSG00000236273	RPL15P4	61622
ENSG00000233972	RPL32P1	61724
ENSG00000272613	RPL13P	61744
ENSG00000232974	RPS17P1	61772
ENSG00000224053	RPL13AP	61782
ENSG00000237554	RPL7AP7	61790
ENSG00000236100	RPL7P4	61842
ENSG00000233965	RPL15P4	61854
ENSG00000231580	RPL32P1	61922
ENSG00000273122	RPL13P	61931
ENSG00000229439	RPS17P1	61966
ENSG00000206519	RPL13AP	61976
ENSG00000239784	RPL23AP1	61985
ENSG00000233113	RPL7AP7	61993
ENSG00000238255	RPL7P4	62063
ENSG00000223927	RPL3P2	62101
ENSG00000232572	RPL15P4	62116
ENSG00000233194	RPL32P1	62232
ENSG00000096150	RPS18	62249
ENSG00000227168	RPL35AP4	62261
ENSG00000228099	RPL12P1	62263
ENSG00000224158	RPL13P	62268
ENSG00000223769	RPS17P1	62305
ENSG00000227961	RPL13AP	62315
ENSG00000240845	RPL23AP1	62324
ENSG00000227030	RPL7AP7	62332
ENSG00000233091	RPL7P4	62402
ENSG00000229430	RPL3P2	62440
ENSG00000229535	RPL15P4	62446
ENSG00000226879	RPL32P1	62566
ENSG00000223367	RPS18	62583
ENSG00000274567	RPS27P14	62776
ENSG00000275323	RPS9	62957
ENSG00000278270	RPS9	62981
ENSG00000278081	RPS9	63064
ENSG00000277359	RPS9	63086
ENSG00000274005	RPS9	63110
ENSG00000274646	RPS9	63134
ENSG00000274950	RPS9	63189
ENSG00000277079	RPS9	63271
ENSG00000274626	RPS9	63315
ENSG00000273673	RPL9	63478
ENSG00000278229	RPS17L	63482
ENSG00000280858	RPL7A	63629
ENSG00000274700	RPL41	63776
ENSG00000281820	RPL5P29	64186
ENSG00000281877	RPS6KA1	64723
ENSG00000263127	RPL4P5	64778
ENSG00000262159	RPS6P22	64928
ENSG00000262148	RPS5P3	65035
ENSG00000281913	RPL23AP64	65063
ENSG00000280831	RPS25	65066